{
  "appId": "com.medicare.prescriptions",
  "appName": "MediCare Pro",
  "webDir": "www",
  "bundledWebRuntime": false,
  "plugins": {
    "SplashScreen": {
      "launchShowDuration": 2000,
      "backgroundColor": "#0891b2"
    },
    "StatusBar": {
      "style": "light",
      "backgroundColor": "#0891b2"
    }
  },
  "android": {
    "buildOptions": {
      "keystorePath": "",
      "keystoreAlias": "",
      "keystorePassword": "",
      "keystoreAliasPassword": "",
      "releaseType": "APK"
    }
  }
}
